REGIONS;CERCLES;COMMUNES
KAYES;KAYES;KAYES COMMUNE
KAYES;KAYES;BANGASSI
KAYES;KAYES;COLIMBINE
KAYES;KAYES;GORY GOPELA
KAYES;KAYES;GOUMERA
KAYES;KAYES;HAWA DE MBAYA
KAYES;KAYES;KHOULOUM
KAYES;KAYES;LIBERTE DE MBAYA
KAYES;KAYES;SAME DIOMGOMA
KAYES;KAYES;SERO DIAMANOU
KAYES;KAYES;SOMANKIDY
KAYES;Ambidťdi;FALEME
KAYES;Ambidťdi;FEGUI
KAYES;Ambidťdi;GUIDIMAKAN KERI KAFFO
KAYES;Ambidťdi;KEMENE TAMBO
KAYES;Ambidťdi;SONY
KAYES;Ambidťdi;TAFACIRGA
KAYES;Aourou;DJELEBOU
KAYES;Aourou;KARAKORO
KAYES;Aourou; KOUSSANE
KAYES;Aourou; SAHEL
KAYES;BAFOULABE; BAFOULABE
KAYES;BAFOULABE; BAMAFELE
KAYES;BAFOULABE; DIOKELI
KAYES;BAFOULABE; GOUNFAN
KAYES;BAFOULABE; KOUNDIAN
KAYES;BAFOULABE; MAHINA
KAYES;BAFOULABE; NIAMBIA
KAYES;BAFOULABE; OUALIA
KAYES;DIAMOU;DIAMOU
KAYES;DIAMOU;LOGO
KAYES;KENIEBA; KENIEBA
KAYES;KENIEBA; BAYE
KAYES;KENIEBA; DABIA
KAYES;KENIEBA; DOMBIA
KAYES;KENIEBA; FALEA
KAYES;KENIEBA; FARABA
KAYES;KENIEBA; GUENEGORE
KAYES;KENIEBA; KASSAMA
KAYES;KENIEBA; KROUKOTO
KAYES;KENIEBA; SAGALO
KAYES;KENIEBA; SITAKILLY
KAYES;Oussoubidiagna; DIAKON
KAYES;Oussoubidiagna; DIALLAN
KAYES;Oussoubidiagna; KONTELA
KAYES;Oussoubidiagna; SIDIBELA
KAYES;Oussoubidiagna; TOMORA
KAYES;Sadiola; SADIOLA
KAYES;Sadiola; DIALAFARA
KAYES;Segala; KOUNIAKARY
KAYES;Segala; MARENA DIOMBOUGOU
KAYES;Segala; MARINTOUMANIA
KAYES;Segala; SEGALA
KAYES;Segala; TRINGA
KAYES;YELIMANE; GUIDIME
KAYES;YELIMANE; DIAFOUNOU DIONGAGA
KAYES;YELIMANE; DIAFOUNOU GORY
KAYES;YELIMANE; FANGA
KAYES;YELIMANE; GORY
KAYES;YELIMANE; KIRANE KANIAGA
KAYES;YELIMANE; KONSIGA
KAYES;YELIMANE; KREMIS
KAYES;YELIMANE; MAREKAFO
KAYES;YELIMANE; SOUMPOU
KAYES;YELIMANE; TOYA
NIORO;BEMA; BEMA
NIORO;BEMA; FASSOUDEBE
NIORO;BEMA; GROUMERA
NIORO;BEMA; GUEDEBINE
NIORO;DIANGOUNTE CAMARA; DIANGOUNTE CAMARA
NIORO;DIANGOUNTE CAMARA; DIEOURA
NIORO;DIANGOUNTE CAMARA; FATAO
NIORO;DIANGOUNTE CAMARA; LAMBIDOU
NIORO;DIEMA; DIEMA
NIORO;DIEMA; DIANGUIRDE
NIORO;DIEMA; DIOUMARA KOUSSATA
NIORO;DIEMA; GOMITRADOUGOU
NIORO;DIEMA; MADIGA SACKO
NIORO;NIORO; NIORO COMMUNE
NIORO;NIORO; DIAYE COURA
NIORO;NIORO; GAVINANE
NIORO;NIORO; GOGUI
NIORO;NIORO; GUETEMA
NIORO;NIORO;GADIABA KADIEL
NIORO;NIORO; NIORO TOUGOUNE RANGABE
NIORO;NIORO; SIMBI
NIORO;NIORO; YERERE
NIORO;NIORO; YOURI
KAYES;SANDARE; LAKAMANE
KAYES;SANDARE; SANSANKIDE
NIORO;SANDARE;SANDARE
NIORO;TROUNGOUMBE; BANIERE KORE
NIORO;TROUNGOUMBE; DIABIGUE
NIORO;TROUNGOUMBE; DIARRA
NIORO;TROUNGOUMBE; KORERA KORE
NIORO;TROUNGOUMBE;TROUNGOUMBE
KITA;KITA; KITA COMMUNE
KITA;KITA; BADIA
KITA;KITA; BENDOUGOUBA
KITA;KITA; BENKADI FOUNIA
KITA;KITA; BOUDOFO
KITA;KITA; DJIDIAN
KITA;KITA; KITA NORD
KITA;KITA; KITA OUEST
KITA;KITA; NAMALA GUIMBA
KITA;KITA; SABOULA
KITA;KITA; SOURANSAN TOMOTO
KITA;Sagabari ; BOUGARIBAYA
KITA;Sagabari ; GADOUGOU 1
KITA;Sagabari ; GADOUGOU 2
KITA;Sagabari ; KOKOFATA
KITA;Sagabari ; KOULOU
KITA;Sagabari ; TAMBAGA
KITA;SEBEKORO; KASSARO
KITA;SEBEKORO; KOTOUBA
KITA;SEBEKORO; MADINA
KITA;SEBEKORO;SEBEKORO
KITA;SEFETO; DIDENKO
KITA;SEFETO; DJOUGOUN
KITA;SEFETO; GUEMOUKOURABA
KITA;SEFETO; KOUROUNINKOTO
KITA;SEFETO; SEFETO NORD
KITA;SEFETO; SEFETO OUEST
KITA;SIRAKORO; MAKANO
KITA;SIRAKORO; SENKO
KITA;SIRAKORO;SIRAKORO
KITA;TOUKOTO; KOBRI
KITA;TOUKOTO; NIANTANSO
KITA;TOUKOTO;TOUKOTO
KOULIKORO;BANAMBA; BANAMBA
KOULIKORO;BANAMBA; BEN KADI
KOULIKORO;BANAMBA; BORON
KOULIKORO;BANAMBA; DUGUWOLOWULA
KOULIKORO;BANAMBA; KIBAN
KOULIKORO;BANAMBA; MADINA SACKO
KOULIKORO;BANAMBA; SEBETE
KOULIKORO;BANAMBA; TOUBACORO
KOULIKORO;BANAMBA; TOUKOROBA
KOULIKORO;BANAMBA; DINANDOUGOU
KOULIKORO;KANGABA; MINIDIAN
KOULIKORO;KANGABA; BALAN BAKAMA
KOULIKORO;KANGABA; BENKADI
KOULIKORO;KANGABA; KANIOGO
KOULIKORO;KANGABA; KARAN
KOULIKORO;KANGABA; MARAMANDOUGOU
KOULIKORO;KANGABA; NARENA
KOULIKORO;KANGABA; NOUGA
KOULIKORO;KATI; KATI COMMUNE
KOULIKORO;KATI; BAGUINEDA-CAMP
KOULIKORO;KATI; BOUGOULA
KOULIKORO;KATI; DIAGO
KOULIKORO;KATI; DIALAKOROBA
KOULIKORO;KATI; DIO-GARE
KOULIKORO;KATI; DOMBILA
KOULIKORO;KATI; DOUBABOUGOU
KOULIKORO;KATI; KALIFABOUGOU
KOULIKORO;KATI; KAMBILA
KOULIKORO;KATI; MANDE
KOULIKORO;KATI; MOUNTOUGOULA
KOULIKORO;KATI; N'GOURABA
KOULIKORO;KATI; SAFO
KOULIKORO;KATI; SANANKOROBA
KOULIKORO;KATI; TIELE
KOULIKORO;KATI; YELEKEBOUGOU
KOULIKORO;KOLOKANI; KOLOKANI
KOULIKORO;KOLOKANI; DIDIENI
KOULIKORO;KOLOKANI; GUIHOYO
KOULIKORO;KOLOKANI; MASSANTOLA
KOULIKORO;KOLOKANI; NONKON
KOULIKORO;KOLOKANI; NOSSOMBOUGOU
KOULIKORO;KOLOKANI; OUOLODO
KOULIKORO;KOLOKANI; SAGABALA
KOULIKORO;KOLOKANI; SEBECORO I
KOULIKORO;KOLOKANI; TIORIBOUGOU
KOULIKORO;KOULIKORO; KOULIKORO COMMUNE
KOULIKORO;KOULIKORO; DOUMBA
KOULIKORO;KOULIKORO; KOULA
KOULIKORO;KOULIKORO; MEGUETAN
KOULIKORO;KOULIKORO; SIRAKOROLA
KOULIKORO;KOULIKORO; TIENFALA
KOULIKORO;Neguele; BOSSOFALA
KOULIKORO;Neguele; DABAN
KOULIKORO;Neguele; DIEDOUGOU
KOULIKORO;Neguele; N'TJIBA
KOULIKORO;NYAMINA;NYAMINA
KOULIKORO;NYAMINA; TOUGOUNI
KOULIKORO;SIBY; BANCOUMANA
KOULIKORO;SIBY; NIOUMAMAKANA
KOULIKORO;SIBY; SIBY
KOULIKORO;SIBY; SOBRA
NARA;BALLE; ALLAHINA
NARA;BALLE; DABO
NARA;BALLE; DOGOFRY
NARA;DILLY;DILLY
NARA;DILLY; KORONGA
NARA;FALLOU;FALLOU
NARA;FALLOU;DIGAN
NARA;GUIRE;GUIRE
NARA;GUIRE;Boudjiguirť
NARA;Mourdiah; NIAMANA
NARA;Mourdiah;Madina-Kagoro 
NARA;NARA; NARA
NARA;NARA; GUENEIBE
NARA;NARA; OUAGADOU
DIOILA;BANCO;BANCO
DIOILA;BANCO; N'GOLOBOUGOU
DIOILA;BELEKO; BENKADI
DIOILA;BELEKO; DIEDOUGOU
DIOILA;BELEKO; DOLENDOUGOU
DIOILA;BELEKO; JEKAFO
DIOILA;DIOILA; DEGNEKORO
DIOILA;DIOILA; KALADOUGOU
DIOILA;DIOILA; KEMEKAFO
DIOILA;DIOILA; KILIDOUGOU
DIOILA;DIOILA; N'GARADOUGOU
DIOILA;DIOILA; WACORO
DIOILA;FANA; BINKO
DIOILA;FANA; GUEGNEKA
DIOILA;FANA; KERELA
DIOILA;FANA; NANGOLA
DIOILA;FANA; TENINDOUGOU
DIOILA;FANA; ZAN COULIBALY
DIOILA;FANA; DIOUMAN
DIOILA;MASSIGUI;MASSIGUI
DIOILA;MASSIGUI;MASSIGUI
DIOILA;MENA; DIEBE
DIOILA;MENA; N'DLONDOUGOU
BOUGOUNI;BOUGOUNI; BOUGOUNI COMMUNE
BOUGOUNI;BOUGOUNI; DANOU
BOUGOUNI;BOUGOUNI; FARADIELE
BOUGOUNI;BOUGOUNI; FARAGOUARAN
BOUGOUNI;BOUGOUNI; KELEYA
BOUGOUNI;BOUGOUNI; KOKELE
BOUGOUNI;BOUGOUNI; KOLA
BOUGOUNI;BOUGOUNI; KOUROULAMINI
BOUGOUNI;BOUGOUNI; OUROUN
BOUGOUNI;BOUGOUNI; SIDO
BOUGOUNI;BOUGOUNI; SYEN TOULA
BOUGOUNI;BOUGOUNI; TIEMALA BANIMONOTIE
BOUGOUNI;BOUGOUNI; ZANTIEBOUGOU
BOUGOUNI;DOGO;DOGO
BOUGOUNI;DOGO; MERIDIELA
BOUGOUNI;FAKOLA;FAKOLA
BOUGOUNI;FAKOLA; BOUGOULA
BOUGOUNI;FAKOLA; FARAKO
BOUGOUNI;GARALO; BLADIE-TIEMALA
BOUGOUNI;GARALO; DEFINA
BOUGOUNI;GARALO;GARALO
BOUGOUNI;GARALO; SIBIRILA
BOUGOUNI;GARALO; YININDOUGOU
BOUGOUNI;GARALO; YIRIDOUGOU
SIKASSO;KADIANA;KADIANA
SIKASSO;KADIANA; NANGALASSO
SIKASSO;KADIANA; TIONGUI
SIKASSO;KOLONDIEBA; KOLONDIEBA
SIKASSO;KOLONDIEBA; KEBILA
SIKASSO;KOLONDIEBA; KOLOSSO
SIKASSO;KOLONDIEBA; MENA
SIKASSO;KOLONDIEBA; N'GOLODIANA
SIKASSO;KOLONDIEBA; TOUSSEGUELA
BOUGOUNI;KOUMANTOU; DEBELIN
BOUGOUNI;KOUMANTOU; DOMBA
BOUGOUNI;KOUMANTOU;KOUMANTOU
BOUGOUNI;KOUMANTOU; SANSO
BOUGOUNI;KOUMANTOU; WOLA
BOUGOUNI;OUELESSEBOUGOU; FARABA
BOUGOUNI;OUELESSEBOUGOU;OUELESSEBOUGOU
BOUGOUNI;OUELESSEBOUGOU; SANANKORO DJITOUMOU
BOUGOUNI;SELINGUE; SELEFOUGOU
BOUGOUNI;SELINGUE; BAYA
BOUGOUNI;SELINGUE; TAGANDOUGOU
BOUGOUNI;SELINGUE; SANKARANI
BOUGOUNI;SELINGUE; KOUROUBA
BOUGOUNI;SELINGUE; NIAGADINA
BOUGOUNI;SELINGUE; TIAKADOUGOU DIALAKORO
BOUGOUNI;YANFOLILA; WASSOULOU-BALLE
BOUGOUNI;YANFOLILA; BOLO-FOUTA
BOUGOUNI;YANFOLILA; DJALLON-FOULA
BOUGOUNI;YANFOLILA; DJIGUIYA DE KOLONI
BOUGOUNI;YANFOLILA; GOUANAN
BOUGOUNI;YANFOLILA; GOUANDIAKA
BOUGOUNI;YANFOLILA; KOUSSAN
BOUGOUNI;YANFOLILA; SERE MOUSSA ANI SAMO
BOUGOUNI;YANFOLILA; YALLANKORO-SOLOBA
SIKASSO;DANDERESSO; DANDERESSO
SIKASSO;DANDERESSO; NONGO-SOUALA
SIKASSO;KADIOLO; KADIOLO
SIKASSO;KADIOLO; DIOU
SIKASSO;KADIOLO; DIOUMATENE
SIKASSO;KADIOLO; FOUROU
SIKASSO;KADIOLO; MISSENI
SIKASSO;KADIOLO; ZEGOUA
SIKASSO;KIGNAN; DIALAKORO
SIKASSO;KIGNAN; DOGONI
SIKASSO;KIGNAN; DOUMANABA
SIKASSO;KIGNAN; KABARASSO
SIKASSO;KIGNAN;KIGNAN
SIKASSO;KIGNAN; KOUMANKOU
SIKASSO;KIGNAN; SANZANA
SIKASSO;KIGNAN; TELLA
SIKASSO;KIGNAN; KOUROUMA
SIKASSO;KLELA; FAMA
SIKASSO;KLELA; GONGASSO
SIKASSO;KLELA;KLELA
SIKASSO;KLELA; KOUORO
SIKASSO;LOBOUGOULA; KOLOKOBA
SIKASSO;LOBOUGOULA;LOBOUGOULA
SIKASSO;LOULOUNI; KAI
SIKASSO;LOULOUNI;LOULOUNI
SIKASSO;LOULOUNI; NIMBOUGOU
SIKASSO;NIENA; BENKADI
SIKASSO;NIENA; BLENDIO
SIKASSO;NIENA; DEMBELA
SIKASSO;NIENA; FINKOLO GANADOUGOU
SIKASSO;NIENA; MINIKO
SIKASSO;NIENA; MIRIA
SIKASSO;NIENA;NIENA
SIKASSO;NIENA; N'TJIKOUNA
SIKASSO;NIENA; TIANKADI
SIKASSO;NIENA; WATENI
SIKASSO;NIENA; ZANIENA
SIKASSO;SIKASSO; SIKASSO COMMUNE
SIKASSO;SIKASSO;Dalle
SIKASSO;SIKASSO; DIOMATENE
SIKASSO;SIKASSO; FARAKALA
SIKASSO;SIKASSO; FINKOLO
SIKASSO;SIKASSO; KABOILA
SIKASSO;SIKASSO; KAFOUZIELA
SIKASSO;SIKASSO; KAPALA
SIKASSO;SIKASSO; KAPOLONDOUGOU
SIKASSO;SIKASSO; KOFAN
SIKASSO;SIKASSO; MISSIRIKORO
SIKASSO;SIKASSO; NATIEN
SIKASSO;SIKASSO; PIMPERNA
SIKASSO;SIKASSO; SOKOURANI MISSIRIKORO
SIKASSO;SIKASSO; ZANFEREBOUGOU
SIKASSO;SIKASSO; ZANGARADOUGOU
KOUTIALA;KONSEGUELA; DIEDOUGOU
KOUTIALA;KONSEGUELA; KONINA
KOUTIALA;KONSEGUELA;KONSEGUELA
KOUTIALA;KOUNIANA; GOUADJI KAO
KOUTIALA;KOUNIANA; KOROMO
KOUTIALA;KOUNIANA; KOUNIANA
KOUTIALA;KOUNIANA; NIANTAGA
KOUTIALA;KOUNIANA; SOROBASSO
KOUTIALA;KOUNIANA; ZANFIGUE
KOUTIALA;KOURY;KOURY
KOUTIALA;KOURY; OURIKELA
KOUTIALA;KOUTIALA; KOUTIALA COMMUNE
KOUTIALA;KOUTIALA; DIARAMANA
KOUTIALA;KOUTIALA; LOGOUANA
KOUTIALA;KOUTIALA; NAFANGA
KOUTIALA;KOUTIALA; NAMPE
KOUTIALA;KOUTIALA; N'GOLONIANASSO
KOUTIALA;KOUTIALA; N'GOUTJINA
KOUTIALA;KOUTIALA; SINCINA
KOUTIALA;KOUTIALA; SONGO-DOUBACORE
KOUTIALA;KOUTIALA; SONGOUA
KOUTIALA;KOUTIALA; YOGNOGO
KOUTIALA;KOUTIALA; ZEBALA
KOUTIALA;M'PESSOBA; FAKOLO
KOUTIALA;M'PESSOBA; KAFO FABOLI
KOUTIALA;M'PESSOBA; KARAGOUANA MALLE
KOUTIALA;M'PESSOBA; MIENA
KOUTIALA;M'PESSOBA;M'PESSOBA
KOUTIALA;M'PESSOBA; N'TOSSONI
KOUTIALA;M'PESSOBA; TAO
KOUTIALA;M'PESSOBA; ZANINA
KOUTIALA;MOLOBALA; DIOURADOUGOU KAFO
KOUTIALA;MOLOBALA; GOUADJIE SOUGOUNA
KOUTIALA;MOLOBALA; KAPALA
KOUTIALA;MOLOBALA; KOLONIGUE
KOUTIALA;MOLOBALA; KONINGUE
KOUTIALA;YOROSSO; YOROSSO
KOUTIALA;YOROSSO; BOURA
KOUTIALA;YOROSSO; KARANGANA
KOUTIALA;YOROSSO; KIFFOSSO 1
KOUTIALA;YOROSSO; KOUMBIA
KOUTIALA;YOROSSO; MAHOU
KOUTIALA;YOROSSO; MENAMBA 1
KOUTIALA;ZANGASSO; FAGUI
KOUTIALA;ZANGASSO; SINKOLO
KOUTIALA;ZANGASSO;ZANGASSO
SAN;FANGASSO;FANGASSO
SAN;FANGASSO; OUAN
SAN;FANGASSO; TIMISSA
SAN;Kimparana; DAH
SAN;Kimparana; DIAKOUROUNA
SAN;Kimparana; KANIEGUE
SAN;Kimparana; KARABA
SAN;Kimparana; KASSOROLA
SAN;Kimparana; KAVA
SAN;Kimparana; MORIBILA
SAN;Kimparana; SOUROUNTOUNA
SAN;Kimparana; TOURAKOLOMBA
SAN;Kimparana; WAKI
SAN;MANDIAKUY; DIORA
SAN;MANDIAKUY; MAFOUNE
SAN;MANDIAKUY;MANDIAKUY
SAN;MANDIAKUY; SANEKUY
SAN;SAN; SAN COMMUNE
SAN;SAN; BARAMANDOUGOU
SAN;SAN; DJEGUENA
SAN;SAN; FION
SAN;SAN; N'GOA
SAN;SAN; NIASSO
SAN;SAN; SOMO
SAN;SAN; TENE
SAN;SAN; TENENI
SAN;SY; OUOLON
SAN;SY; SIADOUGOU
SAN;SY; SY
SEGOU;TOMINIAN; TOMINIAN
SAN;TOMINIAN; BENENA
SEGOU;TOMINIAN; KOULA
SEGOU;TOMINIAN; LANFIALA
SEGOU;TOMINIAN; YASSO
SAN;YANGASSO;YANGASSO
SAN;YANGASSO; DIELI
SAN;YANGASSO; FANI
SAN;YANGASSO; KAZANGASSO
SAN;YANGASSO; KOULANDOUGOU
SAN;YANGASSO; NIAMANA
SAN;YANGASSO; N'TOROSSO
SAN;YANGASSO; KORODOUGOU
SEGOU;BAROUELI; BARAOUELI
SEGOU;BAROUELI; BOIDIE
SEGOU;BAROUELI; DOUGOUFIE
SEGOU;BAROUELI; GOUENDO
SEGOU;BAROUELI; KALAKE
SEGOU;BAROUELI; KONOBOUGOU
SEGOU;BAROUELI; N'GASSOLA
SEGOU;BAROUELI; SANANDO
SEGOU;BAROUELI; SOMO
SEGOU;BAROUELI; TAMANI
SEGOU;BAROUELI; TESSERELA
SEGOU;BLA; BLA
SEGOU;BLA; BEGUENE
SEGOU;BLA; DIENA
SEGOU;BLA; DOUGOUOLO
SEGOU;BLA; FALO
SEGOU;BLA; KEMENI
SEGOU;BLA; NIALA
SEGOU;BLA; SAMABOGO
SEGOU;BLA; SOMASSO
SEGOU;BLA; TIEMENA
SEGOU;BLA; TOUNA
SEGOU;DIORO; DIEDOUGOU
SEGOU;DIORO;DIORO
SEGOU;DIORO; FARAKOU MASSA
SEGOU;DIORO; KAMIANDOUGOU
SEGOU;FARAKO; BAGUINDADOUGOU
SEGOU;FARAKO; BELLEN
SEGOU;FARAKO; DIGANIBOUGOU
SEGOU;FARAKO; FARAKO
SEGOU;FARAKO; N'KOUMANDOUGOU
SEGOU;FARAKO; SAMA FOULALA
SEGOU;FARAKO; SOUBA
SEGOU;MACINA; BOKY WERE
SEGOU;MACINA; KOKRY CENTRE
SEGOU;MACINA; KOLONGO
SEGOU;MACINA; MACINA
SEGOU;MACINA; MATOMO
SEGOU;MACINA; MONIMPEBOUGOU
SEGOU;MACINA; SANA
SEGOU;MARKALA; BOUSSIN
SEGOU;MARKALA; DOUGABOUGOU
SEGOU;MARKALA;MARKALA
SEGOU;MARKALA; SANSANDING
SEGOU;MARKALA; SIBILA
SEGOU;MARKALA; TOGOU
SEGOU;NAMPALA;NAMPALARI
SEGOU;NAMPALA; KARERI
SEGOU;NAMPALA;BeÔty Bimiya 
SEGOU;NAMPALA;Diguicire
SEGOU;NIONO; NIONO
SEGOU;NIONO; KALA SIGUIDA
SEGOU;NIONO; MARIKO
SEGOU;NIONO; POGO
SEGOU;NIONO; SIRIBALA
SEGOU;NIONO; SIRIFILA BOUNDY
SEGOU;NIONO; TORIDAGA KO
SEGOU;NIONO; YEREDON SANIONA
SEGOU;SARRO; FOLOMANA
SEGOU;SARRO; SALOBA
SEGOU;SARRO; SOULEYE
SEGOU;SARRO; TONGUE
SEGOU;SEGOU; CINZANA
SEGOU;SEGOU; SEGOU COMMUNE
SEGOU;SEGOU; DIOUNA
SEGOU;SEGOU; FATINE
SEGOU;SEGOU; KATIENA
SEGOU;SEGOU; KONODIMINI
SEGOU;SEGOU; MASSALA
SEGOU;SEGOU; N'GARA
SEGOU;SEGOU; PELENGANA
SEGOU;SEGOU; SAKOIBA
SEGOU;SEGOU; SAMINE
SEGOU;SEGOU; SEBOUGOU
SEGOU;SEGOU; SOIGNEBOUGOU
SEGOU;SOKOLO; DIABALY
SEGOU;SOKOLO; DOGOFRY
SEGOU;SOKOLO;SOKOLO
MOPTI;MOPTI; MOPTI COMMUNE
MOPTI;MOPTI; BASSIROU
MOPTI;MOPTI; DIALLOUBE
MOPTI;MOPTI; FATOMA
MOPTI;MOPTI; KOUBAYE
MOPTI;MOPTI; KOUNARI
MOPTI;MOPTI; OURO MODI
MOPTI;MOPTI; OUROUBE DOUDE
MOPTI;MOPTI; SASALBE
MOPTI;MOPTI; SIO
MOPTI;MOPTI; SOCOURA
MOPTI;MOPTI; SOYE
MOPTI;DJENNEE; DJENNE
MOPTI;DJENNEE; DANDOUGOU FAKALA
MOPTI;DJENNEE; DERARY
MOPTI;DJENNEE; FEMAYE
MOPTI;DJENNEE; KEWA
MOPTI;DJENNEE; MADIAMA
MOPTI;DJENNEE; NEMA-BADENYAKAFO
MOPTI;DJENNEE; NIANSANARIE
MOPTI;DJENNEE; OURO ALI
MOPTI;DJENNEE; PONDORI
MOPTI;DJENNEE; TOGUE MOURARI
MOPTI;KONNA; BORONDOUGOU
MOPTI;KONNA; KONNA
MOPTI;KONNA;KONTZA
MOPTI;KORIENTZE;DOKO
MOPTI;KORIENTZE;Gouloumbou
MOPTI;KORIENTZE; KOROMBANA
MOPTI;KORIENTZE;N'Gorodia
MOPTI;SOFARA; FAKALA
MOPTI;SOFARA;Bonguel
MOPTI;TENENKOU; TENENKOU
MOPTI;TENENKOU; DIAFARABE
MOPTI;TENENKOU; DIAKA
MOPTI;TENENKOU; DIONDIORI
MOPTI;TENENKOU; OURO ARDO
MOPTI;TENENKOU; OURO GUIRE
MOPTI;TENENKOU; SOUGOULBE
MOPTI;TENENKOU; TOGORO KOTIA
MOPTI;TOGUERE-COUMBE;TOGUERE-COUMBE
MOPTI;TOGUERE-COUMBE;Doungoura
MOPTI;TOGUERE-COUMBE;Ouronguia
MOPTI;YOUWAROU; YOUWAROU
MOPTI;YOUWAROU; BIMBERE TAMA
MOPTI;YOUWAROU; DEBOYE
MOPTI;YOUWAROU; DIRMA
MOPTI;YOUWAROU; DONGO
MOPTI;YOUWAROU; FARIMAKE
MOPTI;YOUWAROU; N'DODJIGA
BANDIAGARA;BANDIAGARA; BANDIAGARA
BANDIAGARA;BANDIAGARA; BARA SARA
BANDIAGARA;BANDIAGARA; DANDOLI
BANDIAGARA;BANDIAGARA; DOUCOMBO
BANDIAGARA;BANDIAGARA; DOUROU
BANDIAGARA;BANDIAGARA; PELOU
BANDIAGARA;BANDIAGARA; PIGNARI
BANDIAGARA;BANDIAGARA; PIGNARI BANA
BANDIAGARA;BANDIAGARA; SOROLY
BANDIAGARA;BANDIAGARA; TIMNIRI
BANDIAGARA;BANKASS; BANKASS
BANDIAGARA;BANKASS; DIMBAL HABBE
BANDIAGARA;BANKASS; KANI-BONZONI
BANDIAGARA;BANKASS; SEGUE
BANDIAGARA;DIALLASSAGOU;DIALLASSAGOU
BANDIAGARA;DIALLASSAGOU; KOULOGON HABE
BANDIAGARA;DIALLASSAGOU; LESSAGOU HABE
BANDIAGARA;DIALLASSAGOU; SOUBALA
BANDIAGARA;DIALLASSAGOU; TORI
BANDIAGARA;KANI;Menthely
BANDIAGARA;KANI;Ouroli
BANDIAGARA;KANI;Sal
BANDIAGARA;KANI; WADOUBA
BANDIAGARA;KENDIE; BORKO
BANDIAGARA;KENDIE; DOGANI BERE
BANDIAGARA;KENDIE; KENDE
BANDIAGARA;KENDIE; KENDIE
BANDIAGARA;KENDIE; LOWOL GUEOU
BANDIAGARA;KORO; KORO
BANDIAGARA;KORO; BAMBA
BANDIAGARA;KORO; BARAPIRELI
BANDIAGARA;KORO; BONDO
BANDIAGARA;KORO; DIANKABOU
BANDIAGARA;KORO; DINANGOUROU
BANDIAGARA;KORO; DIOUNGANI
BANDIAGARA;KORO; DOUGOUTENE I
BANDIAGARA;KORO; DOUGOUTENE II
BANDIAGARA;KORO; KASSA
BANDIAGARA;KORO; KOPORO PEN
BANDIAGARA;KORO; KOPOROKENDIE NA
BANDIAGARA;KORO; MADOUGOU
BANDIAGARA;KORO; PEL MAOUDE
BANDIAGARA;KORO; YORO
BANDIAGARA;KORO; YOUDIOU
BANDIAGARA;NINGARI; DIAMNATI
BANDIAGARA;NINGARI; METOUMOU
BANDIAGARA;NINGARI; ONDOUGOU
BANDIAGARA;NINGARI; SEGUE IRE
BANDIAGARA;SANGHA;SANGHA
BANDIAGARA;SANGHA;IRELI
BANDIAGARA;SOKOURA; BAYE
BANDIAGARA;SOKOURA; OUONKORO
BANDIAGARA;SOKOURA;SOKOURA
DOUENTZA;BONI; HAIRE
DOUENTZA;BONI;Nokara 
DOUENTZA;BONI;Tabi
DOUENTZA;BORE; DANGOL-BORE
DOUENTZA;BORE;N'Doumpa 
DOUENTZA;DOUENTZA; DOUENTZA
DOUENTZA;DOUENTZA; DALLAH
DOUENTZA;DOUENTZA; DEBERE
DOUENTZA;DOUENTZA; DIANWELY
DOUENTZA;DOUENTZA; GANDAMIA
DOUENTZA;DOUENTZA; KERENA
DOUENTZA;DOUENTZA; KORAROU
DOUENTZA;DOUENTZA; KOUBEWEL KOUNDIA
DOUENTZA;DOUENTZA; PETAKA
DOUENTZA;DOUENTZA; TEDIE
DOUENTZA; HOMBORI; HOMBORI
DOUENTZA; HOMBORI;Gallou
DOUENTZA; MONDORO; MONDORO
DOUENTZA; MONDORO;Boulkessi
DOUENTZA; MONDORO;Niagassadiou
DOUENTZA;N'Gouma; DJAPTODJI
DOUENTZA;N'Gouma;Kanioume
DOUENTZA;N'Gouma;Takouti
TOMBOUCTOU; BAMBARA MAOUDE; BAMBARA MAOUDE
TOMBOUCTOU; BAMBARA MAOUDE; HARIBOMO
TOMBOUCTOU; BAMBARA MAOUDE; INADIATAFANE
TOMBOUCTOU; BER; BER
TOMBOUCTOU; BER;ZARHO
TOMBOUCTOU; BINTAGOUNGOU; BINTAGOUNGOU
TOMBOUCTOU; BINTAGOUNGOU; ADARMALANE
TOMBOUCTOU; BINTAGOUNGOU; ISSA BERY
TOMBOUCTOU; BINTAGOUNGOU; M'BOUNA
TOMBOUCTOU;DIRE; DIRE
TOMBOUCTOU;DIRE; ARHAM
TOMBOUCTOU;DIRE; BINGA
TOMBOUCTOU;DIRE; BOUREM SIDI AMAR
TOMBOUCTOU;DIRE; DANGHA
TOMBOUCTOU;DIRE; GARBAKOIRA
TOMBOUCTOU;DIRE; HAIBONGO
TOMBOUCTOU;DIRE; KIRCHAMBA
TOMBOUCTOU;DIRE; KONDI
TOMBOUCTOU;DIRE; SAREYAMOU
TOMBOUCTOU;DIRE; TIENKOUR
TOMBOUCTOU;DIRE; TINDIRMA
TOMBOUCTOU;DIRE; TINGUEREGUIF
TOMBOUCTOU; GARGANDO; ALZOUNOUB
TOMBOUCTOU; GARGANDO; GARGANDO
TOMBOUCTOU; GARGANDO; RAZ-EL-MA
TOMBOUCTOU; GARGANDO; TILEMSI
TOMBOUCTOU;GOSSI; GOSSI
TOMBOUCTOU;GOSSI; OUINERDEN
TOMBOUCTOU;GOUNDAM; GOUNDAM
TOMBOUCTOU;GOUNDAM; DOUEKIRE
TOMBOUCTOU;GOUNDAM; DOUKOURIA
TOMBOUCTOU;GOUNDAM; ESSAKANE
TOMBOUCTOU;GOUNDAM; KANEYE
TOMBOUCTOU;GOUNDAM; TELE
TOMBOUCTOU;GOUNDAM; TIN AICHA
TOMBOUCTOU;LERE; DIANKE
TOMBOUCTOU;LERE; LERE
TOMBOUCTOU;NIAFUNKE; SOBOUNDOU
TOMBOUCTOU;NIAFUNKE; SOUMPI
TOMBOUCTOU; RHAROUS; RHAROUS
TOMBOUCTOU; RHAROUS; BANIKANE
TOMBOUCTOU; RHAROUS; HANZAKOMA
TOMBOUCTOU; RHAROUS; SERERE
TOMBOUCTOU;SARAFERE; BANIKANE NARHAWA
TOMBOUCTOU;SARAFERE; FITTOUGA
TOMBOUCTOU;SARAFERE; KOUMAIRA
TOMBOUCTOU;SARAFERE; N'GORKOU
TOMBOUCTOU;TOMBOUCTOU; TOMBOUCTOU COMMUNE
TOMBOUCTOU;TOMBOUCTOU; ALAFIA
TOMBOUCTOU;TOMBOUCTOU; BOUREM-INALY
TOMBOUCTOU;TOMBOUCTOU; LAFIA
TOMBOUCTOU; TONKA; TONKA
TOMBOUCTOU; TONKA;MEKOREYE
GAO;ANSONGO; ANSONGO
GAO;ANSONGO; BARA
GAO;ANSONGO; BOURRA
GAO;ANSONGO; TIN-HAMA
GAO;Almoustrat;Agharous
GAO;Almoustrat;Almoustrat
GAO;Almoustrat;M'Beikit Ljoul 
GAO;Almoustrat; TARKINT
GAO; BAMBA; BAMBA
GAO; BAMBA; TEMERA
GAO;BOUREM; BOUREM
GAO;BOUREM; TABOYE
GAO;Djebock; ANCHAWADI
GAO;Djebock;Djebock
GAO;Djebock;Tacharane
GAO;Ersane;Ersane
GAO;Ersane;Ghnou
GAO; GABERO; GABERO
GAO; GABERO;Zinda
GAO;GAO; GAO COMMUNE
GAO;GAO; GOUNZOUREYE
GAO;Kassambťrť;Kassambťrť
GAO;Kassambťrť;Tougoumbar
GAO;Kassambťrť;Tahbanat
GAO;Kassambťrť;Iniyiss
GAO; N'TILLIT; N'TILLIT
GAO; N'TILLIT;Tihigrine
GAO; OUATTAGOUNA; OUATTAGOUNA
GAO; OUATTAGOUNA;Fafa
GAO; OUATTAGOUNA;Labbťzanga
GAO; SONY ALIBER; SONY ALIBER
GAO; SONY ALIBER;Magnadaouť
GAO;Tabankort;Tabankort
GAO;Tabankort;Tameglelte
GAO;Tabankort;Krefinatt
GAO;Tabankort;Aslar
GAO; TALATAYE; TALATAYE
GAO; TALATAYE;Indťlimane
GAO; TESSIT; TESSIT
GAO; TESSIT;Aroun
GAO; TESSIT;Keygouroutane
GAO; TESSIT;Famlbougou
GAO;Tin-Aouker; TILEMSI
GAO;Tin-Aouker;Amastrakat
MENAKA;MENAKA; MENAKA
MENAKA;MENAKA;Assakaraye
MENAKA;MENAKA;HaÔgana
MENAKA;MENAKA;Inazole
MENAKA;MENAKA;Infoukarťtane
MENAKA;MENAKA;Izgarat 
MENAKA;MENAKA;IziguirŤte
MENAKA;MENAKA;Tabankort
MENAKA;MENAKA;Tin Abaw 
MENAKA; ANDERAMBOUKANE; ANDERAMBOUKANE
MENAKA; ANDERAMBOUKANE;Afarakrak
MENAKA; ANDERAMBOUKANE;Alladi
MENAKA; ANDERAMBOUKANE;Azawak 
MENAKA; ANDERAMBOUKANE;Tamalet
MENAKA; INEKAR; INEKAR
MENAKA; INEKAR;Tadriante
MENAKA; INEKAR;Aghazraghane
MENAKA; TIDERMENE;Chiman
MENAKA; TIDERMENE;Inhinita 
MENAKA; TIDERMENE;Intadeyne
MENAKA; TIDERMENE;Tťguerert 
MENAKA; TIDERMENE; TIDERMENE
MENAKA;AnouzagrŤne;AnouzagrŤne
MENAKA;AnouzagrŤne;TissalatŤne
MENAKA;Inlamawane (Fanfi);Inlamawane (Fanfi)
MENAKA;Inlamawane (Fanfi); ALATA
MENAKA;Inlamawane (Fanfi);Inagade
MENAKA;Inlamawane (Fanfi);Tissouakh
Kidal;ABEIBARA; ABEIBARA
Kidal;ABEIBARA; BOGHASSA
Kidal;ABEIBARA; TINZAWATENE
Kidal;Achibogho;Achibogho
Kidal;Achibogho;Imbulal
Kidal;Achibogho;Infalfalane
Kidal; AGUEL-HOC; AGUEL-HOC
Kidal; AGUEL-HOC;Tadjmart
Kidal; AGUEL-HOC;Taghlit
Kidal; ANEFIF; ANEFIF
Kidal; ANEFIF;Dadate
Kidal; ANEFIF;TeknewŤne
Kidal;KIDAL; KIDAL
Kidal;KIDAL; ESSOUK
Kidal;KIDAL;Agharous
Kidal;Takalote;Takalote
Kidal;Takalote;Amassine 
Kidal;Takalote;Tassik 
Kidal;Takalote;Touzek
Kidal;TESSALIT; TESSALIT
Kidal;TESSALIT;Abanco
Kidal;TESSALIT;IkadhawatŤne
Kidal;TESSALIT;Terist
Kidal;Timťtrine; TIMTAGHENE
Kidal;Timťtrine;Almahmoud
Kidal;Timťtrine;Tayhoten 
Kidal;TIN-ESSAKO; TIN-ESSAKO
Kidal;TIN-ESSAKO; INTADJEDITE
Kidal;TIN-ESSAKO;Anagarous
Kidal;TIN-ESSAKO;Gueljiat
Taoudenni;Achouratt;Achouratt 
Taoudenni;Achouratt;Alfacrouna
Taoudenni;Achouratt;Algatara
Taoudenni;Achouratt;Almatla 
Taoudenni;Achouratt;Liraka
Taoudenni;Al-Ourche ;Al-Ourche 
Taoudenni;Al-Ourche ;Diaba
Taoudenni;Al-Ourche ;Nibkit-El Elk 
Taoudenni;Al-Ourche ;Oum-Laazam 
Taoudenni;Al-Ourche ;Tamagounite
Taoudenni;Al-Ourche ;Ziriba
Taoudenni;Araouane;Achamour
Taoudenni;Araouane;Araouane
Taoudenni;Araouane;M'back-Samna 
Taoudenni;Araouane;Tinťguelhadj 
Taoudenni;Araouane;Wade Lahjare 
Taoudenni;BoŻ-Djebeha;Agouni 
Taoudenni;BoŻ-Djebeha;Boujbeha
Taoudenni;BoŻ-Djebeha;Erg-Lakhal 
Taoudenni;BoŻ-Djebeha;Limgassim
Taoudenni;BoŻ-Djebeha;Tichift 
Taoudenni;Foum-Elba ;Alougla 
Taoudenni;Foum-Elba ;Bougwera
Taoudenni;Foum-Elba ;Foum-Elba 
Taoudenni;Foum-Elba ;LamhaÔmide
Taoudenni;Foum-Elba ;Touwal
Taoudenni;Taoudenni;Alhank
Taoudenni;Taoudenni;Taoudenni
Taoudenni;Taoudenni;Teghaza
Taoudenni;Taoudenni;Zouelya 
Bamako;Premier Anondissement ;Boulkassoumbougou
Bamako;Premier Anondissement ;Banconi
Bamako;Premier Anondissement ;Djelibougou
Bamako;Premier Anondissement ;Djoumanzana
Bamako;Premier Anondissement ;Fadjiguila
Bamako;Premier Anondissement ;Korofina Nord
Bamako;Premier Anondissement ;Korofina Sud
Bamako;Premier Anondissement ;Sotuba
Bamako;Premier Anondissement ;Sangarebougou
Bamako;Premier Anondissement ;Sarambougou
Bamako;Premier Anondissement ;Seydoubougou
Bamako;Premier Anondissement ;Dialakorodji
Bamako;Premier Anondissement ;NTeguedo-Samassťbougou
Bamako;Premier Anondissement ;NTeguedo-Sirakoro
Bamako;Premier Anondissement ;Moribabougou
Bamako;Premier Anondissement ;Dogobala
Bamako;Premier Anondissement ;Souleymanebougou
Bamako;Premier Anondissement ;Fombabougou
Bamako;Premier Anondissement ;Ngaracoro Droit
Bamako;Premier Anondissement ;Titibougou
Bamako;Premier Anondissement ;Sikoroni
Bamako;DeuxiŤme Anondissement ;Bagadadji
Bamako;DeuxiŤme Anondissement ;Bakarybougou
Bamako;DeuxiŤme Anondissement ;Bougouba
Bamako;DeuxiŤme Anondissement ;Bozola
Bamako;DeuxiŤme Anondissement ;Hippodrome
Bamako;DeuxiŤme Anondissement ;Konebougou
Bamako;DeuxiŤme Anondissement ;Medina-Coura
Bamako;DeuxiŤme Anondissement ;Missira
Bamako;DeuxiŤme Anondissement ;NGomi
Bamako;DeuxiŤme Anondissement ;Niarela
Bamako;DeuxiŤme Anondissement ;Quinzambougou
Bamako;DeuxiŤme Anondissement ;Sans-Fils
Bamako;DeuxiŤme Anondissement ;Zone Industrielle
Bamako;TroisiŤme Anondissement;Badialani I
Bamako;TroisiŤme Anondissement;Badialani II
Bamako;TroisiŤme Anondissement;Badialni III
Bamako;TroisiŤme Anondissement;Bamako-Coura
Bamako;TroisiŤme Anondissement;Bamako-Coura-Bolibana
Bamako;TroisiŤme Anondissement;Centre Commercial
Bamako;TroisiŤme Anondissement;Darsalam
Bamako;TroisiŤme Anondissement;Dravela
Bamako;TroisiŤme Anondissement;Dravela-Bolibana
Bamako;TroisiŤme Anondissement;Kodabougou
Bamako;TroisiŤme Anondissement;Koulouba
Bamako;TroisiŤme Anondissement;Niomirambougou
Bamako;TroisiŤme Anondissement;Ntomikorobougou
Bamako;TroisiŤme Anondissement;Ouolofobougou
Bamako;TroisiŤme Anondissement;Ouolofobougou Bolibana
Bamako;TroisiŤme Anondissement;Point G
Bamako;TroisiŤme Anondissement;Same 
Bamako;TroisiŤme Anondissement;Sirakoro-Dounfing
Bamako;TroisiŤme Anondissement;Koulouniko
Bamako;TroisiŤme Anondissement;Sogonafing
Bamako;TroisiŤme Anondissement;Sanankoro
Bamako;TroisiŤme Anondissement;Diagni
Bamako;QuatriŤme Arrondissement ;Hamdallaye
Bamako;QuatriŤme Arrondissement ;Lafiabougou
Bamako;QuatriŤme Arrondissement ;Lassa
Bamako;QuatriŤme Arrondissement ;Djicoroni Para
Bamako;QuatriŤme Arrondissement ;Seneninkoro
Bamako;QuatriŤme Arrondissement ;Sibiribougou
Bamako;QuatriŤme Arrondissement ;Kalabanbougou
Bamako;QuatriŤme Arrondissement ;Dogodouman
Bamako;QuatriŤme Arrondissement ;Gringoume
Bamako;QuatriŤme Arrondissement ;Taliko
Bamako;QuatriŤme Arrondissement ;Quezindougou
Bamako;QuatriŤme Arrondissement ;Mamaribougou
Bamako;QuatriŤme Arrondissement ;Kanadjiguila
Bamako;QuatriŤme Arrondissement ;Karalabougou
Bamako;CinquiŤme Arrondissenrent ;Bacodjicoroni
Bamako;CinquiŤme Arrondissenrent ;Badalabougou
Bamako;CinquiŤme Arrondissenrent ;Daoudabougou
Bamako;CinquiŤme Arrondissenrent ;Garantiguibougou
Bamako;CinquiŤme Arrondissenrent ;Kalabancoura
Bamako;CinquiŤme Arrondissenrent ;Quartier Mali
Bamako;CinquiŤme Arrondissenrent ;Saralibougou
Bamako;CinquiŤme Arrondissenrent ;Sema
Bamako;CinquiŤme Arrondissenrent ;Torokorobougou
Bamako;SixiŤme Anondissement ;Banankabougou
Bamako;SixiŤme Anondissement ;Dianťguela
Bamako;SixiŤme Anondissement ;Faladie
Bamako;SixiŤme Anondissement ;Magnambougou
Bamako;SixiŤme Anondissement ;Niamakoro
Bamako;SixiŤme Anondissement ;Senou
Bamako;SixiŤme Anondissement ;Sogoninko
Bamako;SixiŤme Anondissement ;Sokorodji
Bamako;SixiŤme Anondissement ;Yirimadio
Bamako;SixiŤme Anondissement ;Missabougou
Bamako;SixiŤme Anondissement ;Diatoula
Bamako;SixiŤme Anondissement ;Niamana
Bamako;SixiŤme Anondissement ;Sirakoro-Meguetana
Bamako;SixiŤme Anondissement ;Ntabacoro
Bamako;SixiŤme Anondissement ;Dramanebougou-Tellem
Bamako;SixiŤme Anondissement ;Sabalibougou Kourani
Bamako;SeptiŤme Arrondissement ;Gouana
Bamako;SeptiŤme Arrondissement ;Kabala
Bamako;SeptiŤme Arrondissement ;Kalabancoro
Bamako;SeptiŤme Arrondissement ;Kourale
Bamako;SeptiŤme Arrondissement ;Missala
Bamako;SeptiŤme Arrondissement ;Missalabougou
Bamako;SeptiŤme Arrondissement ;Ngolobougou
